Model,Company,Screen Size,RAM,Storage,Processor,Graphics,Price (USD),Battery Life
MacBook Air 13 (M4),Apple,13 inches,16GB,256GB SSD,M4,Integrated,999,18
MacBook Pro 14 (M4),Apple,14 inches,24GB,1TB SSD,M4 Pro,Integrated,1599,16
Dell 14 Plus (DB14250),Dell,14 inches,16GB,1TB SSD,Intel Core Ultra 7,Integrated,899,13
Dell XPS 13 (9350),Dell,13 inches,16GB,512GB SSD,Intel Core Ultra 7,Integrated,1199,15
HP EliteBook Ultra G1i,HP,14 inches,32GB,1TB SSD,Intel Core Ultra 7,Integrated,1499,19
HP Pavilion Plus 14 (2025),HP,14 inches,16GB,512GB SSD,Intel Core Ultra 5,Integrated,799,12
Lenovo ThinkPad X1 Carbon Gen 13,Lenovo,14 inches,32GB,1TB SSD,Intel Core Ultra 7,Integrated,1799,20
Lenovo Legion 5i,Lenovo,16 inches,16GB,1TB SSD,Intel Core i9,NVIDIA RTX 4060,1299,8
Asus Zenbook 14 OLED (UM3406),Asus,14 inches,16GB,1TB SSD,AMD Ryzen AI 9,Integrated,799,14
Asus ROG Zephyrus G14,Asus,14 inches,32GB,1TB SSD,AMD Ryzen 9,NVIDIA RTX 4070,1599,9
Surface Laptop 7th Edition 15,Microsoft,15 inches,16GB,512GB SSD,Snapdragon X Elite,Integrated,1299,20
Acer Swift Go 16 (2025),Acer,16 inches,16GB,1TB SSD,Intel Core Ultra 7,Integrated,999,12